Data,Hora UTC,"PRECIPITAÇÃO TOTAL, HORÁRIO (mm)","PRESSAO ATMOSFERICA AO NIVEL DA ESTACAO, HORARIA (mB)",PRESSÃO ATMOSFERICA MAX.NA HORA ANT. (AUT) (mB),PRESSÃO ATMOSFERICA MIN. NA HORA ANT. (AUT) (mB),RADIACAO GLOBAL (Kj/m²),"TEMPERATURA DO AR - BULBO SECO, HORARIA (°C)",TEMPERATURA DO PONTO DE ORVALHO (°C),TEMPERATURA MÁXIMA NA HORA ANT. (AUT) (°C),TEMPERATURA MÍNIMA NA HORA ANT. (AUT) (°C),TEMPERATURA ORVALHO MAX. NA HORA ANT. (AUT) (°C),TEMPERATURA ORVALHO MIN. NA HORA ANT. (AUT) (°C),UMIDADE REL. MAX. NA HORA ANT. (AUT) (%),UMIDADE REL. MIN. NA HORA ANT. (AUT) (%),"UMIDADE RELATIVA DO AR, HORARIA (%)","VENTO, DIREÇÃO HORARIA (gr) (° (gr))","VENTO, RAJADA MAXIMA (m/s)","VENTO, VELOCIDADE HORARIA (m/s)",,f_latitude,f_longitude,f_data,f_hora_utc,f_estado,f_municipio,f_bioma,f_numero_dias_sem_chuva,f_precipitacao,f_frp
2024/01/20,1700 UTC,0,"914,1","914,9","914,1",3256,"32,5","18,8","33,1","30,8",20,"16,7",49,41,44,284,"8,2","3,3",, -19.960210, -43.926260,20/01/2024,1700 UTC,MINAS GERAIS,BELO HORIZONTE,Mata Atlântica,0.0,1.71,3.7
2024/02/29,0400 UTC,0,"917,7","917,8","917,5",,23,"19,5","23,7",23,"19,7","19,2",81,77,81,343,"1,5",",4",, -19.859910, -43.873620,29/02/2024,0400 UTC,MINAS GERAIS,BELO HORIZONTE,Mata Atlântica,4.0,19.88,0.8
2024/02/29,0400 UTC,0,"917,7","917,8","917,5",,23,"19,5","23,7",23,"19,7","19,2",81,77,81,343,"1,5",",4",, -19.862510, -43.874600,29/02/2024,0400 UTC,MINAS GERAIS,BELO HORIZONTE,Mata Atlântica,4.0,19.65,1.0
2024/04/16,1700 UTC,0,"920,2","920,8","920,2","2031,4","25,9","17,1","28,5","25,6",18,"15,7",59,48,58,112,"6,5","2,3",, -19.877060, -44.013220,16/04/2024,1700 UTC,MINAS GERAIS,BELO HORIZONTE,Mata Atlântica,5.0,0.0,3.3
2024/05/04,1700 UTC,0,"919,8","920,3","919,8",2582,"29,1","14,3",30,"28,3",16,"13,4",45,38,40,115,6,"1,7",, -19.910050, -43.886690,04/05/2024,1700 UTC,MINAS GERAIS,BELO HORIZONTE,Mata Atlântica,11.0,0.0,3.7
2024/05/05,1700 UTC,0,"920,4","921,2","920,4","2556,6","29,1","15,4","29,1","27,3","16,3","14,2",48,42,43,68,"6,5","2,3",, -19.941270, -43.891730,05/05/2024,1700 UTC,MINAS GERAIS,BELO HORIZONTE,Mata Atlântica,10.0,0.0,8.2
2024/05/05,1700 UTC,0,"920,4","921,2","920,4","2556,6","29,1","15,4","29,1","27,3","16,3","14,2",48,42,43,68,"6,5","2,3",, -19.941910, -43.895670,05/05/2024,1700 UTC,MINAS GERAIS,BELO HORIZONTE,Mata Atlântica,10.0,0.0,8.2
2024/05/09,0400 UTC,0,"921,7","921,8","921,6",,"18,7","15,7","20,4","18,6","15,9","15,4",83,76,83,324,"2,5",0,, -19.899330, -43.906230,09/05/2024,0400 UTC,MINAS GERAIS,BELO HORIZONTE,Mata Atlântica,16.0,0.13,0.5
2024/05/10,1600 UTC,0,"919,7","920,4","919,6","2422,8","27,7",16,"28,7","26,2","17,3",15,56,45,49,56,"6,5","2,2",, -19.951150, -43.986660,10/05/2024,1600 UTC,MINAS GERAIS,BELO HORIZONTE,Mata Atlântica,18.0,0.0,2.3
2024/05/13,1700 UTC,0,"917,4","918,1","917,4","2390,3","30,3","13,8","30,4","29,3","14,7","12,3",39,34,37,296,"9,8","2,5",, -20.014570, -44.007160,13/05/2024,1700 UTC,MINAS GERAIS,BELO HORIZONTE,Mata Atlântica,28.0,0.0,12.9
2024/05/13,1700 UTC,0,"917,4","918,1","917,4","2390,3","30,3","13,8","30,4","29,3","14,7","12,3",39,34,37,296,"9,8","2,5",, -19.839160, -43.882370,13/05/2024,1700 UTC,MINAS GERAIS,BELO HORIZONTE,Cerrado,25.0,0.0,1.6
2024/05/13,1700 UTC,0,"917,4","918,1","917,4","2390,3","30,3","13,8","30,4","29,3","14,7","12,3",39,34,37,296,"9,8","2,5",, -19.791580, -43.955200,13/05/2024,1700 UTC,MINAS GERAIS,BELO HORIZONTE,Cerrado,30.0,0.0,4.7
2024/05/13,1700 UTC,0,"917,4","918,1","917,4","2390,3","30,3","13,8","30,4","29,3","14,7","12,3",39,34,37,296,"9,8","2,5",, -19.790940, -43.951320,13/05/2024,1700 UTC,MINAS GERAIS,BELO HORIZONTE,Cerrado,29.0,0.0,4.7
2024/05/16,1700 UTC,0,"920,1","920,6","920,1","1962,2","27,5","16,3","28,1",26,"16,4","14,6",53,45,51,98,6,2,, -19.862180, -43.888790,16/05/2024,1700 UTC,MINAS GERAIS,BELO HORIZONTE,Mata Atlântica,26.0,0.0,2.4
2024/05/19,1600 UTC,0,"920,5","921,5","920,5",1843,"29,1","12,5","29,1","26,8","14,6","11,2",45,34,36,108,"3,5","1,3",, -19.830040, -43.874210,19/05/2024,1600 UTC,MINAS GERAIS,BELO HORIZONTE,Cerrado,31.0,0.0,3.4
2024/05/19,1600 UTC,0,"920,5","921,5","920,5",1843,"29,1","12,5","29,1","26,8","14,6","11,2",45,34,36,108,"3,5","1,3",, -19.829490, -43.870460,19/05/2024,1600 UTC,MINAS GERAIS,BELO HORIZONTE,Cerrado,32.0,0.0,4.1
2024/05/19,1700 UTC,0,"919,9","920,5","919,9","1971,9","28,4","12,9","29,5","27,8","14,6",11,43,33,38,350,"3,3",1,, -19.926450, -44.014110,19/05/2024,1700 UTC,MINAS GERAIS,BELO HORIZONTE,Mata Atlântica,35.0,0.0,1.8
2024/05/20,0400 UTC,0,"920,8","921,2","920,8",,"18,5","13,8","21,4","18,5","13,9","13,1",74,60,74,28,"2,6",",1",, -19.858120, -44.004450,20/05/2024,0400 UTC,MINAS GERAIS,BELO HORIZONTE,Cerrado,34.0,0.0,1.7
2024/05/20,0400 UTC,0,"920,8","921,2","920,8",,"18,5","13,8","21,4","18,5","13,9","13,1",74,60,74,28,"2,6",",1",, -19.931900, -44.012080,20/05/2024,0400 UTC,MINAS GERAIS,BELO HORIZONTE,Mata Atlântica,36.0,0.0,0.6
2024/05/20,0400 UTC,0,"920,8","921,2","920,8",,"18,5","13,8","21,4","18,5","13,9","13,1",74,60,74,28,"2,6",",1",, -19.938510, -44.007640,20/05/2024,0400 UTC,MINAS GERAIS,BELO HORIZONTE,Mata Atlântica,34.0,0.0,0.9
2024/05/20,0400 UTC,0,"920,8","921,2","920,8",,"18,5","13,8","21,4","18,5","13,9","13,1",74,60,74,28,"2,6",",1",, -19.864850, -43.997500,20/05/2024,0400 UTC,MINAS GERAIS,BELO HORIZONTE,Mata Atlântica,33.0,0.0,1.0
2024/05/20,0400 UTC,0,"920,8","921,2","920,8",,"18,5","13,8","21,4","18,5","13,9","13,1",74,60,74,28,"2,6",",1",, -19.864220, -43.998630,20/05/2024,0400 UTC,MINAS GERAIS,BELO HORIZONTE,Mata Atlântica,34.0,0.0,1.1
2024/05/20,0400 UTC,0,"920,8","921,2","920,8",,"18,5","13,8","21,4","18,5","13,9","13,1",74,60,74,28,"2,6",",1",, -19.861640, -43.997770,20/05/2024,0400 UTC,MINAS GERAIS,BELO HORIZONTE,Cerrado,34.0,0.0,1.0
2024/05/22,1600 UTC,0,923,"923,8",923,"2498,4","25,6","12,9","25,7","23,9","13,4","11,6",50,43,45,75,10,"2,6",, -19.861860, -43.892640,22/05/2024,1600 UTC,MINAS GERAIS,BELO HORIZONTE,Mata Atlântica,32.0,0.0,3.3
2024/05/22,1700 UTC,0,"922,1",923,"922,1","2341,1","25,5",11,"26,3","25,2","13,1","10,5",46,38,40,56,"7,5","2,8",, -19.861020, -43.892520,22/05/2024,1700 UTC,MINAS GERAIS,BELO HORIZONTE,Mata Atlântica,32.0,0.0,5.1
2024/05/25,0400 UTC,0,"919,5","919,8","919,4",,"17,9","14,3",19,"17,8","14,6","14,3",80,74,80,31,",9",0,, -19.841770, -44.002230,25/05/2024,0400 UTC,MINAS GERAIS,BELO HORIZONTE,Cerrado,40.0,0.0,0.9
2024/06/02,1600 UTC,0,925,926,"924,9","2458,4",23,"12,3","23,1","22,2","12,7","11,5",54,49,51,81,"7,8","2,3",, -19.832460, -43.883220,02/06/2024,1600 UTC,MINAS GERAIS,BELO HORIZONTE,Cerrado,45.0,0.0,9.7
2024/06/02,1600 UTC,0,925,926,"924,9","2458,4",23,"12,3","23,1","22,2","12,7","11,5",54,49,51,81,"7,8","2,3",, -19.831830, -43.878320,02/06/2024,1600 UTC,MINAS GERAIS,BELO HORIZONTE,Cerrado,45.0,0.0,6.8
2024/06/03,1600 UTC,0,"924,7","925,9","924,7","2439,2","26,8","11,7","27,3","24,9","13,1","10,4",46,36,39,217,"3,6",",7",, -19.835270, -43.864700,03/06/2024,1600 UTC,MINAS GERAIS,BELO HORIZONTE,Cerrado,46.0,0.0,6.6
2024/06/03,1600 UTC,0,"924,7","925,9","924,7","2439,2","26,8","11,7","27,3","24,9","13,1","10,4",46,36,39,217,"3,6",",7",, -19.822120, -43.889120,03/06/2024,1600 UTC,MINAS GERAIS,BELO HORIZONTE,Cerrado,47.0,0.0,1.7
2024/06/04,1600 UTC,0,"922,8","923,7","922,8","2414,9","26,7","9,1","26,9","25,2","12,9","8,2",44,31,33,89,6,"1,7",, -19.827590, -43.880310,04/06/2024,1600 UTC,MINAS GERAIS,BELO HORIZONTE,Cerrado,48.0,0.0,4.8
2024/06/05,1700 UTC,0,"922,6","923,6","922,6","2201,2","24,8",10,26,"24,3","11,7","9,8",43,38,39,106,"6,9","2,3",, -19.878460, -44.001000,05/06/2024,1700 UTC,MINAS GERAIS,BELO HORIZONTE,Mata Atlântica,40.0,0.0,2.7
2024/06/05,1700 UTC,0,"922,6","923,6","922,6","2201,2","24,8",10,26,"24,3","11,7","9,8",43,38,39,106,"6,9","2,3",, -19.874380, -44.002590,05/06/2024,1700 UTC,MINAS GERAIS,BELO HORIZONTE,Mata Atlântica,42.0,0.0,5.7
2024/06/05,1700 UTC,0,"922,6","923,6","922,6","2201,2","24,8",10,26,"24,3","11,7","9,8",43,38,39,106,"6,9","2,3",, -19.874100, -44.001900,05/06/2024,1700 UTC,MINAS GERAIS,BELO HORIZONTE,Mata Atlântica,42.0,0.0,2.7
2024/06/07,1600 UTC,0,"924,3","925,1","924,3","2413,6","26,3",12,"26,5",24,"13,8","11,5",52,40,41,75,"4,8","1,7",, -19.923680, -44.014570,07/06/2024,1600 UTC,MINAS GERAIS,BELO HORIZONTE,Mata Atlântica,24.0,0.0,4.5
2024/06/10,1700 UTC,0,"921,4","922,4","921,4","2168,9","27,3","11,3","27,5","25,8","12,9","10,8",43,37,37,65,"3,3","1,1",, -19.993410, -43.972050,10/06/2024,1700 UTC,MINAS GERAIS,BELO HORIZONTE,Mata Atlântica,41.0,0.02,7.2
2024/06/12,0400 UTC,0,"923,4","923,5","923,3",,"15,7","11,4","15,9","15,3","11,5","11,3",78,74,76,146,"1,2",",6",, -19.863270, -43.874490,12/06/2024,0400 UTC,MINAS GERAIS,BELO HORIZONTE,Mata Atlântica,53.0,0.0,1.2
2024/06/22,1700 UTC,0,"920,4","921,2","920,4","2192,9",26,"7,2","27,1","25,3","9,2","7,2",35,29,30,360,"6,4","2,5",, -19.860090, -43.874020,22/06/2024,1700 UTC,MINAS GERAIS,BELO HORIZONTE,Mata Atlântica,63.0,0.0,3.6
2024/06/23,1600 UTC,0,"921,2","922,1","921,2","1926,2","25,1","13,5","26,6","24,1","14,4","12,5",52,43,49,358,"5,4","1,2",, -19.814730, -43.923400,23/06/2024,1600 UTC,MINAS GERAIS,BELO HORIZONTE,Cerrado,68.0,0.0,2.5
2024/06/29,1700 UTC,0,"918,4","919,2","918,3",1945,"28,7","7,3","28,8","26,6",8,"6,2",30,25,26,282,"7,1","2,5",, -19.814090, -43.904520,29/06/2024,1700 UTC,MINAS GERAIS,BELO HORIZONTE,Cerrado,74.0,0.0,3.9
2024/07/01,0400 UTC,0,"920,7","920,9","920,7",,"19,4","13,2","20,1","18,8","13,4",13,69,65,67,91,"3,6","1,2",, -19.981320, -43.947820,01/07/2024,0400 UTC,MINAS GERAIS,BELO HORIZONTE,Mata Atlântica,63.0,0.0,1.1
2024/07/01,0400 UTC,0,"920,7","920,9","920,7",,"19,4","13,2","20,1","18,8","13,4",13,69,65,67,91,"3,6","1,2",, -19.980670, -43.949630,01/07/2024,0400 UTC,MINAS GERAIS,BELO HORIZONTE,Mata Atlântica,63.0,0.0,0.4
2024/07/04,1600 UTC,0,"920,4","921,5","920,4","2370,4","25,9","7,7",26,"24,6","9,4","5,7",36,28,31,91,"4,9","1,7",, -19.810070, -43.911140,04/07/2024,1600 UTC,MINAS GERAIS,BELO HORIZONTE,Cerrado,79.0,0.0,2.6
2024/07/07,0400 UTC,0,"923,1","923,3","923,1",,"18,8","11,4","19,2","18,6","11,8","11,3",63,61,62,104,3,1,, -19.922030, -43.870560,07/07/2024,0400 UTC,MINAS GERAIS,BELO HORIZONTE,Mata Atlântica,76.0,0.0,1.2
2024/07/11,0400 UTC,0,921,"921,1","920,9",,"20,5",14,"20,7","20,2","14,1","13,8",67,65,66,104,"3,6","1,4",, -19.839400, -43.885830,11/07/2024,0400 UTC,MINAS GERAIS,BELO HORIZONTE,Cerrado,84.0,0.0,0.6
2024/07/11,1700 UTC,0,"921,4","922,2","921,4","2160,2","29,6",8,"30,2","28,9","8,4","6,9",27,24,26,61,8,"2,3",, -19.828670, -43.941240,11/07/2024,1700 UTC,MINAS GERAIS,BELO HORIZONTE,Cerrado,85.0,0.0,3.0
2024/07/11,1700 UTC,0,"921,4","922,2","921,4","2160,2","29,6",8,"30,2","28,9","8,4","6,9",27,24,26,61,8,"2,3",, -19.824010, -43.889410,11/07/2024,1700 UTC,MINAS GERAIS,BELO HORIZONTE,Cerrado,85.0,0.0,3.7
2024/07/12,0400 UTC,0,"924,8","924,9","924,8",,"19,5","11,3","19,9","19,2","11,3","11,2",60,57,59,115,"3,1",1,, -19.830130, -43.884650,12/07/2024,0400 UTC,MINAS GERAIS,BELO HORIZONTE,Cerrado,85.0,0.0,1.3
2024/07/12,0400 UTC,0,"924,8","924,9","924,8",,"19,5","11,3","19,9","19,2","11,3","11,2",60,57,59,115,"3,1",1,, -19.839630, -43.878890,12/07/2024,0400 UTC,MINAS GERAIS,BELO HORIZONTE,Mata Atlântica,85.0,0.0,0.8
2024/07/12,0500 UTC,0,"924,9","924,9","924,5",,"18,7","11,4","19,6","18,7","11,5","11,3",62,59,62,128,"2,9",1,, -19.827680, -43.882300,12/07/2024,0500 UTC,MINAS GERAIS,BELO HORIZONTE,Cerrado,86.0,0.0,1.2
2024/07/12,1600 UTC,0,"924,5","925,7","924,5","2424,2","27,9","9,1","27,9","25,5","11,2",7,39,29,31,90,"5,1","2,3",, -19.831210, -43.878510,12/07/2024,1600 UTC,MINAS GERAIS,BELO HORIZONTE,Cerrado,85.0,0.0,4.3
2024/07/12,1600 UTC,0,"924,5","925,7","924,5","2424,2","27,9","9,1","27,9","25,5","11,2",7,39,29,31,90,"5,1","2,3",, -19.827390, -43.879090,12/07/2024,1600 UTC,MINAS GERAIS,BELO HORIZONTE,Cerrado,86.0,0.0,3.0
2024/07/12,1700 UTC,0,"923,9","924,5","923,9","2218,4","27,6","9,4","28,4","26,6","9,9","7,3",33,27,32,80,"6,7","1,7",, -19.826110, -43.879130,12/07/2024,1700 UTC,MINAS GERAIS,BELO HORIZONTE,Cerrado,86.0,0.0,5.8
2024/07/15,0400 UTC,0,"924,8","925,3","924,8",,"16,8","9,8","17,2","15,5",10,"9,8",69,62,63,115,"3,4","1,5",, -19.840100, -43.885970,15/07/2024,0400 UTC,MINAS GERAIS,BELO HORIZONTE,Cerrado,87.0,0.0,0.7
2024/07/19,1600 UTC,0,"925,5","926,4","925,5","2415,8","25,1","7,7","26,2","24,7","9,3","7,5",37,32,33,26,"4,6","1,8",, -19.796880, -43.965440,19/07/2024,1600 UTC,MINAS GERAIS,BELO HORIZONTE,Cerrado,92.0,0.0,5.2
2024/07/19,1600 UTC,0,"925,5","926,4","925,5","2415,8","25,1","7,7","26,2","24,7","9,3","7,5",37,32,33,26,"4,6","1,8",, -19.799080, -43.961650,19/07/2024,1600 UTC,MINAS GERAIS,BELO HORIZONTE,Cerrado,93.0,0.0,4.1
2024/07/19,1600 UTC,0,"925,5","926,4","925,5","2415,8","25,1","7,7","26,2","24,7","9,3","7,5",37,32,33,26,"4,6","1,8",, -19.797190, -43.962960,19/07/2024,1600 UTC,MINAS GERAIS,BELO HORIZONTE,Cerrado,92.0,0.0,12.0
2024/07/19,1700 UTC,0,"924,8","925,5","924,8","2195,8","26,5","8,4","26,8","25,1",9,"6,9",34,30,32,348,"4,1","1,3",, -19.801160, -43.969420,19/07/2024,1700 UTC,MINAS GERAIS,BELO HORIZONTE,Cerrado,91.0,0.0,10.2
2024/07/19,1700 UTC,0,"924,8","925,5","924,8","2195,8","26,5","8,4","26,8","25,1",9,"6,9",34,30,32,348,"4,1","1,3",, -19.799790, -43.959390,19/07/2024,1700 UTC,MINAS GERAIS,BELO HORIZONTE,Cerrado,93.0,0.0,16.4
2024/07/19,1700 UTC,0,"924,8","925,5","924,8","2195,8","26,5","8,4","26,8","25,1",9,"6,9",34,30,32,348,"4,1","1,3",, -19.798210, -43.962660,19/07/2024,1700 UTC,MINAS GERAIS,BELO HORIZONTE,Cerrado,92.0,0.0,0.8
2024/07/19,1700 UTC,0,"924,8","925,5","924,8","2195,8","26,5","8,4","26,8","25,1",9,"6,9",34,30,32,348,"4,1","1,3",, -19.794900, -43.963230,19/07/2024,1700 UTC,MINAS GERAIS,BELO HORIZONTE,Cerrado,92.0,0.0,1.7
2024/07/19,1700 UTC,0,"924,8","925,5","924,8","2195,8","26,5","8,4","26,8","25,1",9,"6,9",34,30,32,348,"4,1","1,3",, -19.793770, -43.955880,19/07/2024,1700 UTC,MINAS GERAIS,BELO HORIZONTE,Cerrado,94.0,0.0,5.0
2024/07/19,1700 UTC,0,"924,8","925,5","924,8","2195,8","26,5","8,4","26,8","25,1",9,"6,9",34,30,32,348,"4,1","1,3",, -19.957420, -43.960850,19/07/2024,1700 UTC,MINAS GERAIS,BELO HORIZONTE,Mata Atlântica,63.0,2.04,1.4
2024/07/20,0500 UTC,0,"925,2","925,6","925,2",,"14,9","10,4","15,6","14,8","10,5","10,3",75,72,75,104,",8",0,, -19.946660, -43.958520,20/07/2024,0500 UTC,MINAS GERAIS,BELO HORIZONTE,Mata Atlântica,4.0,0.0,0.8
2024/07/21,1600 UTC,0,"924,3","925,2","924,3","2460,6","24,2","8,8","24,9","22,7","9,9","8,5",42,36,37,78,"5,8","1,1",, -20.003050, -43.981490,21/07/2024,1600 UTC,MINAS GERAIS,BELO HORIZONTE,Mata Atlântica,7.0,0.0,3.3
2024/07/21,1600 UTC,0,"924,3","925,2","924,3","2460,6","24,2","8,8","24,9","22,7","9,9","8,5",42,36,37,78,"5,8","1,1",, -19.908020, -43.988480,21/07/2024,1600 UTC,MINAS GERAIS,BELO HORIZONTE,Mata Atlântica,42.0,0.0,2.4
2024/07/21,1700 UTC,0,"923,5","924,3","923,5","2256,3","25,2","7,7","25,9","23,9","9,6","7,1",39,32,33,11,5,"1,3",, -19.911050, -43.986030,21/07/2024,1700 UTC,MINAS GERAIS,BELO HORIZONTE,Mata Atlântica,39.0,0.0,12.6
2024/07/21,1700 UTC,0,"923,5","924,3","923,5","2256,3","25,2","7,7","25,9","23,9","9,6","7,1",39,32,33,11,5,"1,3",, -20.000710, -43.981580,21/07/2024,1700 UTC,MINAS GERAIS,BELO HORIZONTE,Mata Atlântica,6.0,0.0,5.9
2024/07/21,1700 UTC,0,"923,5","924,3","923,5","2256,3","25,2","7,7","25,9","23,9","9,6","7,1",39,32,33,11,5,"1,3",, -20.004300, -43.981270,21/07/2024,1700 UTC,MINAS GERAIS,BELO HORIZONTE,Mata Atlântica,7.0,0.0,2.7
2024/07/21,1700 UTC,0,"923,5","924,3","923,5","2256,3","25,2","7,7","25,9","23,9","9,6","7,1",39,32,33,11,5,"1,3",, -20.002770, -43.983300,21/07/2024,1700 UTC,MINAS GERAIS,BELO HORIZONTE,Mata Atlântica,7.0,0.0,2.6
2024/07/21,1700 UTC,0,"923,5","924,3","923,5","2256,3","25,2","7,7","25,9","23,9","9,6","7,1",39,32,33,11,5,"1,3",, -19.998780, -43.981590,21/07/2024,1700 UTC,MINAS GERAIS,BELO HORIZONTE,Mata Atlântica,6.0,0.0,2.7
2024/07/23,0400 UTC,0,"924,9","925,1","924,9",,"16,8","10,6","17,3","15,4","11,6","10,6",76,66,67,84,"2,2",",5",, -19.839300, -43.892170,23/07/2024,0400 UTC,MINAS GERAIS,BELO HORIZONTE,Cerrado,96.0,0.0,0.6
2024/07/23,0400 UTC,0,"924,9","925,1","924,9",,"16,8","10,6","17,3","15,4","11,6","10,6",76,66,67,84,"2,2",",5",, -19.838470, -43.891620,23/07/2024,0400 UTC,MINAS GERAIS,BELO HORIZONTE,Cerrado,96.0,0.0,0.8
2024/07/23,1700 UTC,0,"924,3",925,"924,3","2288,1","26,6","6,6","27,1","25,6","7,8","5,5",30,27,28,99,"4,6","1,6",, -19.839500, -43.883900,23/07/2024,1700 UTC,MINAS GERAIS,BELO HORIZONTE,Cerrado,96.0,0.0,2.6
2024/07/24,1700 UTC,0,925,"925,9",925,"2239,4","24,9","8,8","25,6","23,8","9,7","8,2",39,35,36,84,"6,3","1,6",, -19.941970, -43.899350,24/07/2024,1700 UTC,MINAS GERAIS,BELO HORIZONTE,Mata Atlântica,54.0,0.0,2.4
2024/07/25,1600 UTC,0,925,"926,3",925,"2528,4","23,7","5,1","24,9","22,1","6,7","4,2",35,28,30,55,"3,6","1,4",, -19.861410, -43.883390,25/07/2024,1600 UTC,MINAS GERAIS,BELO HORIZONTE,Mata Atlântica,93.0,0.0,4.8
2024/07/30,0400 UTC,0,"922,6","923,1","922,6",,"18,1","10,7","18,8","17,8","10,8","10,6",63,59,62,129,2,",3",, -19.917610, -43.950930,30/07/2024,0400 UTC,MINAS GERAIS,BELO HORIZONTE,Mata Atlântica,40.0,0.39,0.8
2024/08/01,1700 UTC,0,"925,1","925,9","925,1","2387,6","25,2",11,26,"24,2","12,3","10,4",45,39,41,84,"7,9","2,3",, -19.919600, -44.023450,01/08/2024,1700 UTC,MINAS GERAIS,BELO HORIZONTE,Mata Atlântica,3.0,0.1,7.7
2024/08/02,1600 UTC,0,"925,1","926,2","925,1",2590,"24,2",6,25,"23,7","8,4","5,1",37,30,31,117,"11,8","3,7",, -19.852120, -43.875850,02/08/2024,1600 UTC,MINAS GERAIS,BELO HORIZONTE,Mata Atlântica,79.0,0.0,5.6
2024/08/02,1700 UTC,0,"924,1","925,1","924,1","2349,6","25,8","7,2","25,9","23,9","7,5",6,32,29,31,84,"11,8","2,7",, -19.854180, -43.876140,02/08/2024,1700 UTC,MINAS GERAIS,BELO HORIZONTE,Mata Atlântica,78.0,0.0,4.4
2024/08/02,1700 UTC,0,"924,1","925,1","924,1","2349,6","25,8","7,2","25,9","23,9","7,5",6,32,29,31,84,"11,8","2,7",, -19.854060, -43.874810,02/08/2024,1700 UTC,MINAS GERAIS,BELO HORIZONTE,Mata Atlântica,79.0,0.0,1.5
2024/08/06,1600 UTC,0,"922,2","923,4","922,2","2645,1","27,3","7,4","27,8",26,"8,4","6,9",32,28,28,92,"8,4",2,, -19.984220, -43.978860,06/08/2024,1600 UTC,MINAS GERAIS,BELO HORIZONTE,Mata Atlântica,18.0,0.0,1.9
2024/08/06,1700 UTC,0,"921,2","922,2","921,2","2408,4",28,"6,8","28,8",27,8,"5,9",29,25,26,86,"6,4","2,4",, -19.983660, -43.980130,06/08/2024,1700 UTC,MINAS GERAIS,BELO HORIZONTE,Mata Atlântica,18.0,0.0,4.0
2024/08/06,1700 UTC,0,"921,2","922,2","921,2","2408,4",28,"6,8","28,8",27,8,"5,9",29,25,26,86,"6,4","2,4",, -19.814090, -43.924590,06/08/2024,1700 UTC,MINAS GERAIS,BELO HORIZONTE,Cerrado,63.0,0.0,1.9
2024/08/10,1600 UTC,0,917,"917,5",917,"1461,5","24,5","11,2","25,9","24,3","12,5","10,8",47,40,43,248,"7,5","2,5",, -19.993330, -44.025150,10/08/2024,1600 UTC,MINAS GERAIS,BELO HORIZONTE,Mata Atlântica,14.0,0.5,3.2
2024/08/14,0300 UTC,0,"924,4","924,5","924,3",,"16,1","4,7","16,9","16,1","4,7","4,3",47,44,47,104,"6,5","2,3",, -19.931980, -43.890650,14/08/2024,0300 UTC,MINAS GERAIS,BELO HORIZONTE,Mata Atlântica,72.0,0.1,1.0
2024/08/14,0400 UTC,0,"924,2","924,4","924,2",,"15,6","5,6","16,3","15,6","5,6","4,7",51,47,51,102,"5,8","2,4",, -19.934080, -43.889120,14/08/2024,0400 UTC,MINAS GERAIS,BELO HORIZONTE,Mata Atlântica,73.0,0.09,1.3
2024/08/14,0400 UTC,0,"924,2","924,4","924,2",,"15,6","5,6","16,3","15,6","5,6","4,7",51,47,51,102,"5,8","2,4",, -19.933500, -43.886780,14/08/2024,0400 UTC,MINAS GERAIS,BELO HORIZONTE,Mata Atlântica,76.0,0.07,1.4
2024/08/14,0400 UTC,0,"924,2","924,4","924,2",,"15,6","5,6","16,3","15,6","5,6","4,7",51,47,51,102,"5,8","2,4",, -19.935320, -43.886800,14/08/2024,0400 UTC,MINAS GERAIS,BELO HORIZONTE,Mata Atlântica,76.0,0.07,1.4
2024/08/14,0400 UTC,0,"924,2","924,4","924,2",,"15,6","5,6","16,3","15,6","5,6","4,7",51,47,51,102,"5,8","2,4",, -19.931870, -43.886090,14/08/2024,0400 UTC,MINAS GERAIS,BELO HORIZONTE,Mata Atlântica,77.0,0.07,2.5
2024/08/14,1600 UTC,0,"923,9","924,7","923,9","2678,3","24,1","10,2","24,7","22,3","10,9","9,7",46,40,42,88,"6,5","1,8",, -19.927910, -43.886430,14/08/2024,1600 UTC,MINAS GERAIS,BELO HORIZONTE,Mata Atlântica,76.0,0.09,5.6
2024/08/14,1700 UTC,0,"922,9","923,9","922,9","2437,1","24,5","10,1","24,8","23,1","10,9","9,3",43,39,40,110,"7,9","1,9",, -19.995640, -43.964540,14/08/2024,1700 UTC,MINAS GERAIS,BELO HORIZONTE,Mata Atlântica,17.0,0.0,1.9
2024/08/14,1700 UTC,0,"922,9","923,9","922,9","2437,1","24,5","10,1","24,8","23,1","10,9","9,3",43,39,40,110,"7,9","1,9",, -19.930160, -43.888580,14/08/2024,1700 UTC,MINAS GERAIS,BELO HORIZONTE,Mata Atlântica,74.0,0.09,4.4
2024/08/17,0400 UTC,0,"922,6",923,"922,6",,"20,5","11,5",21,"20,4","11,8","11,5",57,56,56,112,"4,7","1,9",, -19.831160, -43.910460,17/08/2024,0400 UTC,MINAS GERAIS,BELO HORIZONTE,Cerrado,69.0,0.0,0.5
2024/08/17,1600 UTC,0,"921,6","922,6","921,6","2748,3","30,7",",9","31,6","29,7","5,5",",6",22,14,15,116,"5,7",2,, -19.923920, -43.888440,17/08/2024,1600 UTC,MINAS GERAIS,BELO HORIZONTE,Mata Atlântica,77.0,0.0,2.8
2024/08/17,1600 UTC,0,"921,6","922,6","921,6","2748,3","30,7",",9","31,6","29,7","5,5",",6",22,14,15,116,"5,7",2,, -19.811610, -43.939610,17/08/2024,1600 UTC,MINAS GERAIS,BELO HORIZONTE,Cerrado,63.0,0.0,37.5
2024/08/17,1600 UTC,0,"921,6","922,6","921,6","2748,3","30,7",",9","31,6","29,7","5,5",",6",22,14,15,116,"5,7",2,, -19.806240, -43.944450,17/08/2024,1600 UTC,MINAS GERAIS,BELO HORIZONTE,Cerrado,65.0,0.0,37.5
2024/08/17,1600 UTC,0,"921,6","922,6","921,6","2748,3","30,7",",9","31,6","29,7","5,5",",6",22,14,15,116,"5,7",2,, -19.805830, -43.940070,17/08/2024,1600 UTC,MINAS GERAIS,BELO HORIZONTE,Cerrado,68.0,0.0,37.5
2024/08/17,1700 UTC,0,"920,5","921,6","920,5","2505,1","31,6",",7","32,6","30,5","2,6",",1",16,13,14,119,"5,7","1,7",, -19.821980, -43.887470,17/08/2024,1700 UTC,MINAS GERAIS,BELO HORIZONTE,Cerrado,92.0,0.0,42.6
2024/08/17,1700 UTC,0,"920,5","921,6","920,5","2505,1","31,6",",7","32,6","30,5","2,6",",1",16,13,14,119,"5,7","1,7",, -19.965690, -43.959960,17/08/2024,1700 UTC,MINAS GERAIS,BELO HORIZONTE,Mata Atlântica,12.0,0.0,4.1
2024/08/17,1700 UTC,0,"920,5","921,6","920,5","2505,1","31,6",",7","32,6","30,5","2,6",",1",16,13,14,119,"5,7","1,7",, -19.962430, -43.960960,17/08/2024,1700 UTC,MINAS GERAIS,BELO HORIZONTE,Mata Atlântica,11.0,0.0,17.5
2024/08/17,1800 UTC,0,"919,8","920,5","919,8","2057,4","32,1","2,2","32,7","31,3","2,2","-,4",15,13,15,88,"5,6","1,4",, -19.828260, -43.885190,17/08/2024,1800 UTC,MINAS GERAIS,BELO HORIZONTE,Cerrado,91.0,0.0,4.7
2024/08/18,0100 UTC,0,"922,5","922,5","922,1",,"22,8","4,4","23,7","22,8","4,4","3,2",30,26,30,120,"3,7","1,1",, -19.964510, -43.938710,18/08/2024,0100 UTC,MINAS GERAIS,BELO HORIZONTE,Mata Atlântica,25.0,0.0,9.0
2024/08/18,0100 UTC,0,"922,5","922,5","922,1",,"22,8","4,4","23,7","22,8","4,4","3,2",30,26,30,120,"3,7","1,1",, -19.963210, -43.929110,18/08/2024,0100 UTC,MINAS GERAIS,BELO HORIZONTE,Mata Atlântica,35.0,0.0,5.8
2024/08/18,0400 UTC,0,"921,8","922,2","921,8",,"20,9","6,4","21,5","20,8","6,5","6,2",39,37,39,116,"5,1","2,3",, -19.967380, -43.931910,18/08/2024,0400 UTC,MINAS GERAIS,BELO HORIZONTE,Mata Atlântica,33.0,0.0,8.1
2024/08/18,0400 UTC,0,"921,8","922,2","921,8",,"20,9","6,4","21,5","20,8","6,5","6,2",39,37,39,116,"5,1","2,3",, -19.963640, -43.931380,18/08/2024,0400 UTC,MINAS GERAIS,BELO HORIZONTE,Mata Atlântica,32.0,0.0,8.1
2024/08/18,0400 UTC,0,"921,8","922,2","921,8",,"20,9","6,4","21,5","20,8","6,5","6,2",39,37,39,116,"5,1","2,3",, -19.962790, -43.936130,18/08/2024,0400 UTC,MINAS GERAIS,BELO HORIZONTE,Mata Atlântica,27.0,0.0,7.6
2024/08/18,0400 UTC,0,"921,8","922,2","921,8",,"20,9","6,4","21,5","20,8","6,5","6,2",39,37,39,116,"5,1","2,3",, -19.965830, -43.933660,18/08/2024,0400 UTC,MINAS GERAIS,BELO HORIZONTE,Mata Atlântica,30.0,0.0,13.4
2024/08/18,0500 UTC,0,"921,8","921,8","921,7",,"20,7","6,5","21,2","20,7","6,5","6,1",40,38,40,114,"4,6","1,3",, -19.963960, -43.934480,18/08/2024,0500 UTC,MINAS GERAIS,BELO HORIZONTE,Mata Atlântica,29.0,0.0,4.4
2024/08/18,1700 UTC,0,"920,9","921,8","920,9","2499,6","31,9","5,4",32,"29,9","6,7","4,9",22,19,19,113,"7,3",2,, -19.813390, -43.877980,18/08/2024,1700 UTC,MINAS GERAIS,BELO HORIZONTE,Cerrado,102.0,0.0,8.1
2024/08/19,0400 UTC,0,"922,7","922,9","922,7",,"20,2","5,6","20,9","20,2","5,6","5,2",39,36,39,116,"3,5","1,1",, -19.987920, -43.954780,19/08/2024,0400 UTC,MINAS GERAIS,BELO HORIZONTE,Mata Atlântica,20.0,0.0,2.5
2024/08/19,0400 UTC,0,"922,7","922,9","922,7",,"20,2","5,6","20,9","20,2","5,6","5,2",39,36,39,116,"3,5","1,1",, -19.819100, -43.902050,19/08/2024,0400 UTC,MINAS GERAIS,BELO HORIZONTE,Cerrado,84.0,0.0,0.6
2024/08/19,0400 UTC,0,"922,7","922,9","922,7",,"20,2","5,6","20,9","20,2","5,6","5,2",39,36,39,116,"3,5","1,1",, -19.989850, -43.956990,19/08/2024,0400 UTC,MINAS GERAIS,BELO HORIZONTE,Mata Atlântica,21.0,0.0,3.8
2024/08/19,0400 UTC,0,"922,7","922,9","922,7",,"20,2","5,6","20,9","20,2","5,6","5,2",39,36,39,116,"3,5","1,1",, -19.987060, -43.952340,19/08/2024,0400 UTC,MINAS GERAIS,BELO HORIZONTE,Mata Atlântica,20.0,0.0,3.8
2024/08/19,0400 UTC,0,"922,7","922,9","922,7",,"20,2","5,6","20,9","20,2","5,6","5,2",39,36,39,116,"3,5","1,1",, -19.987040, -43.953620,19/08/2024,0400 UTC,MINAS GERAIS,BELO HORIZONTE,Mata Atlântica,20.0,0.0,1.5
2024/08/20,0500 UTC,0,"922,6","923,1","922,6",,"19,1","9,4","19,7","18,9","9,5","9,1",54,50,53,105,"4,3","1,3",, -19.821670, -43.871180,20/08/2024,0500 UTC,MINAS GERAIS,BELO HORIZONTE,Cerrado,104.0,0.01,2.8
2024/08/21,1600 UTC,0,"922,1","922,9","922,1","2864,3","31,2","3,3","31,7",29,"6,6","2,6",23,16,17,96,"6,6","2,3",, -19.979510, -43.984380,21/08/2024,1600 UTC,MINAS GERAIS,BELO HORIZONTE,Mata Atlântica,19.0,0.0,4.8
2024/08/21,1700 UTC,0,"921,2","922,1","921,2","2562,7","30,4","2,3","31,8","30,3","4,8",0,19,13,17,73,"7,3","2,9",, -19.854240, -44.007160,21/08/2024,1700 UTC,MINAS GERAIS,BELO HORIZONTE,Cerrado,20.0,0.0,14.6
2024/08/21,1700 UTC,0,"921,2","922,1","921,2","2562,7","30,4","2,3","31,8","30,3","4,8",0,19,13,17,73,"7,3","2,9",, -19.853490, -44.004720,21/08/2024,1700 UTC,MINAS GERAIS,BELO HORIZONTE,Cerrado,21.0,0.0,12.4
2024/08/23,1700 UTC,0,"918,5","919,7","918,5","2540,6","31,1","6,5","32,1","30,4","8,5",6,25,21,21,11,"6,5","3,3",, -19.804640, -43.945720,23/08/2024,1700 UTC,MINAS GERAIS,BELO HORIZONTE,Cerrado,69.0,0.0,2.1
2024/08/23,1700 UTC,0,"918,5","919,7","918,5","2540,6","31,1","6,5","32,1","30,4","8,5",6,25,21,21,11,"6,5","3,3",, -19.802680, -43.946470,23/08/2024,1700 UTC,MINAS GERAIS,BELO HORIZONTE,Cerrado,71.0,0.0,3.9
2024/08/23,1700 UTC,0,"918,5","919,7","918,5","2540,6","31,1","6,5","32,1","30,4","8,5",6,25,21,21,11,"6,5","3,3",, -19.798830, -43.947270,23/08/2024,1700 UTC,MINAS GERAIS,BELO HORIZONTE,Cerrado,74.0,0.0,2.1
2024/08/25,1600 UTC,0,"920,8","921,7","920,8","2558,5","29,9",11,"30,2","27,6","11,5",10,34,31,31,90,"5,8",",8",, -19.811040, -43.899270,25/08/2024,1600 UTC,MINAS GERAIS,BELO HORIZONTE,Cerrado,91.0,0.0,3.2
2024/08/25,1700 UTC,0,"919,7","920,8","919,7","2052,1","29,2","9,7","30,5","28,5","11,1","9,3",32,29,30,30,"4,6",1,, -19.809810, -43.899970,25/08/2024,1700 UTC,MINAS GERAIS,BELO HORIZONTE,Cerrado,91.0,0.0,6.5
2024/08/25,1700 UTC,0,"919,7","920,8","919,7","2052,1","29,2","9,7","30,5","28,5","11,1","9,3",32,29,30,30,"4,6",1,, -19.997450, -43.974880,25/08/2024,1700 UTC,MINAS GERAIS,BELO HORIZONTE,Mata Atlântica,29.0,0.15,4.6
2024/08/30,1600 UTC,0,924,"925,2",924,"3037,3","27,6","3,5","28,3","25,3","6,6","2,9",29,20,21,26,"5,6","1,8",, -19.837550, -43.878850,30/08/2024,1600 UTC,MINAS GERAIS,BELO HORIZONTE,Cerrado,97.0,0.0,7.8
2024/08/30,1600 UTC,0,924,"925,2",924,"3037,3","27,6","3,5","28,3","25,3","6,6","2,9",29,20,21,26,"5,6","1,8",, -19.852190, -43.867320,30/08/2024,1600 UTC,MINAS GERAIS,BELO HORIZONTE,Mata Atlântica,104.0,0.0,4.0
2024/08/30,1600 UTC,0,924,"925,2",924,"3037,3","27,6","3,5","28,3","25,3","6,6","2,9",29,20,21,26,"5,6","1,8",, -19.852460, -43.867460,30/08/2024,1600 UTC,MINAS GERAIS,BELO HORIZONTE,Mata Atlântica,104.0,0.0,13.1
2024/08/30,1700 UTC,0,"922,8",924,"922,8",2775,"28,4","3,2","28,9","26,8","4,2","2,6",22,20,20,49,"5,9","1,9",, -19.855300, -43.868090,30/08/2024,1700 UTC,MINAS GERAIS,BELO HORIZONTE,Mata Atlântica,103.0,0.0,3.2
2024/08/30,1700 UTC,0,"922,8",924,"922,8",2775,"28,4","3,2","28,9","26,8","4,2","2,6",22,20,20,49,"5,9","1,9",, -19.855280, -43.866940,30/08/2024,1700 UTC,MINAS GERAIS,BELO HORIZONTE,Mata Atlântica,104.0,0.0,2.8
2024/08/30,1700 UTC,0,"922,8",924,"922,8",2775,"28,4","3,2","28,9","26,8","4,2","2,6",22,20,20,49,"5,9","1,9",, -19.851630, -43.867610,30/08/2024,1700 UTC,MINAS GERAIS,BELO HORIZONTE,Mata Atlântica,104.0,0.0,2.8
2024/08/30,1700 UTC,0,"922,8",924,"922,8",2775,"28,4","3,2","28,9","26,8","4,2","2,6",22,20,20,49,"5,9","1,9",, -19.816260, -43.902330,30/08/2024,1700 UTC,MINAS GERAIS,BELO HORIZONTE,Cerrado,89.0,0.0,3.4
2024/08/30,1700 UTC,0,"922,8",924,"922,8",2775,"28,4","3,2","28,9","26,8","4,2","2,6",22,20,20,49,"5,9","1,9",, -19.812650, -43.903160,30/08/2024,1700 UTC,MINAS GERAIS,BELO HORIZONTE,Cerrado,90.0,0.0,3.4
2024/08/31,1600 UTC,0,"922,6","923,6","922,6","3020,8","30,6","-1,8","31,3","29,4",",7","-1,8",15,12,12,54,"7,1","2,6",, -19.820270, -43.906310,31/08/2024,1600 UTC,MINAS GERAIS,BELO HORIZONTE,Cerrado,85.0,0.0,4.7
2024/08/31,1600 UTC,0,"922,6","923,6","922,6","3020,8","30,6","-1,8","31,3","29,4",",7","-1,8",15,12,12,54,"7,1","2,6",, -19.910480, -43.882900,31/08/2024,1600 UTC,MINAS GERAIS,BELO HORIZONTE,Mata Atlântica,89.0,0.0,4.0
2024/08/31,1600 UTC,0,"922,6","923,6","922,6","3020,8","30,6","-1,8","31,3","29,4",",7","-1,8",15,12,12,54,"7,1","2,6",, -19.997870, -43.964730,31/08/2024,1600 UTC,MINAS GERAIS,BELO HORIZONTE,Mata Atlântica,35.0,0.0,6.0
2024/08/31,1600 UTC,0,"922,6","923,6","922,6","3020,8","30,6","-1,8","31,3","29,4",",7","-1,8",15,12,12,54,"7,1","2,6",, -19.997530, -43.966450,31/08/2024,1600 UTC,MINAS GERAIS,BELO HORIZONTE,Mata Atlântica,35.0,0.0,5.6
2024/09/01,0400 UTC,0,"922,9","923,5","922,9",,"19,9","3,8","20,8","19,9","3,8","2,8",35,31,35,114,"4,1","1,2",, -19.992160, -44.028050,01/09/2024,0400 UTC,MINAS GERAIS,BELO HORIZONTE,Mata Atlântica,32.0,0.0,2.6
2024/09/01,0400 UTC,0,"922,9","923,5","922,9",,"19,9","3,8","20,8","19,9","3,8","2,8",35,31,35,114,"4,1","1,2",, -19.996210, -44.028630,01/09/2024,0400 UTC,MINAS GERAIS,BELO HORIZONTE,Mata Atlântica,34.0,0.0,2.6
2024/09/01,1600 UTC,0,"922,1","922,9","922,1","2991,4","29,5",1,"30,5","28,9","2,9","-,3",18,14,16,167,"4,8",",6",, -19.975660, -43.983650,01/09/2024,1600 UTC,MINAS GERAIS,BELO HORIZONTE,Mata Atlântica,29.0,0.0,6.2
2024/09/01,1600 UTC,0,"922,1","922,9","922,1","2991,4","29,5",1,"30,5","28,9","2,9","-,3",18,14,16,167,"4,8",",6",, -19.976150, -43.987820,01/09/2024,1600 UTC,MINAS GERAIS,BELO HORIZONTE,Mata Atlântica,29.0,0.0,6.6
2024/09/01,1700 UTC,0,"920,9","922,1","920,9","2732,3","29,9","-1,3","31,1","29,5","1,2","-1,6",16,12,13,267,"4,2",",8",, -19.974060, -43.982500,01/09/2024,1700 UTC,MINAS GERAIS,BELO HORIZONTE,Mata Atlântica,28.0,0.0,15.0
2024/09/01,1700 UTC,0,"920,9","922,1","920,9","2732,3","29,9","-1,3","31,1","29,5","1,2","-1,6",16,12,13,267,"4,2",",8",, -19.973810, -43.982410,01/09/2024,1700 UTC,MINAS GERAIS,BELO HORIZONTE,Mata Atlântica,28.0,0.0,15.2
2024/09/01,1700 UTC,0,"920,9","922,1","920,9","2732,3","29,9","-1,3","31,1","29,5","1,2","-1,6",16,12,13,267,"4,2",",8",, -19.804960, -43.898200,01/09/2024,1700 UTC,MINAS GERAIS,BELO HORIZONTE,Cerrado,96.0,0.0,11.7
2024/09/01,1700 UTC,0,"920,9","922,1","920,9","2732,3","29,9","-1,3","31,1","29,5","1,2","-1,6",16,12,13,267,"4,2",",8",, -19.973190, -43.982710,01/09/2024,1700 UTC,MINAS GERAIS,BELO HORIZONTE,Mata Atlântica,28.0,0.0,41.6
2024/09/02,1600 UTC,0,"918,7","919,8","918,7","2931,9","32,5",",8",33,"30,3","2,7",",4",18,13,13,261,"5,9","2,3",, -19.929340, -44.020160,02/09/2024,1600 UTC,MINAS GERAIS,BELO HORIZONTE,Mata Atlântica,18.0,0.0,9.4
2024/09/02,1700 UTC,0,"917,6","918,7","917,6","2689,3","32,1",",6","33,4","31,5","1,7","-,3",14,12,13,228,"6,2","1,4",, -19.928240, -44.015630,02/09/2024,1700 UTC,MINAS GERAIS,BELO HORIZONTE,Mata Atlântica,18.0,0.0,19.2
2024/09/02,1700 UTC,0,"917,6","918,7","917,6","2689,3","32,1",",6","33,4","31,5","1,7","-,3",14,12,13,228,"6,2","1,4",, -19.992130, -43.970680,02/09/2024,1700 UTC,MINAS GERAIS,BELO HORIZONTE,Mata Atlântica,35.0,0.0,12.7
2024/09/02,1700 UTC,0,"917,6","918,7","917,6","2689,3","32,1",",6","33,4","31,5","1,7","-,3",14,12,13,228,"6,2","1,4",, -19.929380, -44.021320,02/09/2024,1700 UTC,MINAS GERAIS,BELO HORIZONTE,Mata Atlântica,18.0,0.0,19.2
2024/09/02,1700 UTC,0,"917,6","918,7","917,6","2689,3","32,1",",6","33,4","31,5","1,7","-,3",14,12,13,228,"6,2","1,4",, -19.932220, -43.912020,02/09/2024,1700 UTC,MINAS GERAIS,BELO HORIZONTE,Mata Atlântica,61.0,0.0,2.4
2024/09/02,1700 UTC,0,"917,6","918,7","917,6","2689,3","32,1",",6","33,4","31,5","1,7","-,3",14,12,13,228,"6,2","1,4",, -19.928950, -44.019750,02/09/2024,1700 UTC,MINAS GERAIS,BELO HORIZONTE,Mata Atlântica,18.0,0.0,24.3
2024/09/02,1700 UTC,0,"917,6","918,7","917,6","2689,3","32,1",",6","33,4","31,5","1,7","-,3",14,12,13,228,"6,2","1,4",, -19.808090, -43.926610,02/09/2024,1700 UTC,MINAS GERAIS,BELO HORIZONTE,Cerrado,81.0,0.0,3.5
2024/09/02,1800 UTC,0,"916,9","917,6","916,9","2196,5","32,9",",3","33,1","31,8","1,8","-,5",14,12,13,266,"5,9","1,9",, -19.932290, -44.018480,02/09/2024,1800 UTC,MINAS GERAIS,BELO HORIZONTE,Mata Atlântica,18.0,0.0,6.8
2024/09/02,1800 UTC,0,"916,9","917,6","916,9","2196,5","32,9",",3","33,1","31,8","1,8","-,5",14,12,13,266,"5,9","1,9",, -19.925830, -44.015590,02/09/2024,1800 UTC,MINAS GERAIS,BELO HORIZONTE,Mata Atlântica,18.0,0.0,8.8
2024/09/03,1600 UTC,0,"918,6","919,6","918,6","2661,8","34,5","3,4","34,6","31,7","4,2","2,2",17,14,14,348,"5,1","1,7",, -19.809940, -43.916820,03/09/2024,1600 UTC,MINAS GERAIS,BELO HORIZONTE,Cerrado,85.0,0.0,6.7
2024/09/03,1700 UTC,0,"917,6","918,6","917,6","2485,1","34,9",",7","35,4","33,2","3,4","-,4",14,11,12,344,"5,6","1,7",, -19.808520, -43.916280,03/09/2024,1700 UTC,MINAS GERAIS,BELO HORIZONTE,Cerrado,87.0,0.0,3.1
2024/09/03,1700 UTC,0,"917,6","918,6","917,6","2485,1","34,9",",7","35,4","33,2","3,4","-,4",14,11,12,344,"5,6","1,7",, -19.844200, -43.881030,03/09/2024,1700 UTC,MINAS GERAIS,BELO HORIZONTE,Mata Atlântica,95.0,0.0,4.6
2024/09/03,1700 UTC,0,"917,6","918,6","917,6","2485,1","34,9",",7","35,4","33,2","3,4","-,4",14,11,12,344,"5,6","1,7",, -19.837360, -43.863240,03/09/2024,1700 UTC,MINAS GERAIS,BELO HORIZONTE,Mata Atlântica,110.0,0.0,28.7
2024/09/03,1700 UTC,0,"917,6","918,6","917,6","2485,1","34,9",",7","35,4","33,2","3,4","-,4",14,11,12,344,"5,6","1,7",, -19.846920, -43.878570,03/09/2024,1700 UTC,MINAS GERAIS,BELO HORIZONTE,Mata Atlântica,96.0,0.0,2.3
2024/09/03,1700 UTC,0,"917,6","918,6","917,6","2485,1","34,9",",7","35,4","33,2","3,4","-,4",14,11,12,344,"5,6","1,7",, -19.844170, -43.879600,03/09/2024,1700 UTC,MINAS GERAIS,BELO HORIZONTE,Mata Atlântica,96.0,0.0,2.4
2024/09/04,0100 UTC,0,"920,5","920,5","920,2",,"25,5","9,4","26,1","25,4","9,4",9,36,34,36,99,4,"1,4",, -19.963480, -43.955750,04/09/2024,0100 UTC,MINAS GERAIS,BELO HORIZONTE,Mata Atlântica,29.0,0.0,7.2
2024/09/04,0400 UTC,0,"920,3","920,7","920,3",,"21,1","10,5","22,9","21,1","10,5",10,51,44,51,41,"1,9",",7",, -19.854160, -43.875360,04/09/2024,0400 UTC,MINAS GERAIS,BELO HORIZONTE,Mata Atlântica,98.0,0.0,0.9
2024/09/04,1600 UTC,0,"919,8","920,7","919,8","2626,3","33,8",8,"33,9","31,2","9,5","7,1",24,20,20,360,"5,2","1,5",, -19.932330, -44.006530,04/09/2024,1600 UTC,MINAS GERAIS,BELO HORIZONTE,Mata Atlântica,22.0,0.0,7.7
2024/09/05,0400 UTC,0,"920,8","921,4","920,8",,"23,3",12,"23,9","23,2","12,1","11,4",49,46,49,109,"4,6","1,9",, -19.836580, -43.893380,05/09/2024,0400 UTC,MINAS GERAIS,BELO HORIZONTE,Cerrado,88.0,0.0,0.8
2024/09/05,1600 UTC,0,"919,8","920,8","919,8","2705,6","33,2","8,5","33,6","30,2","9,5","7,4",27,22,22,20,4,"1,2",, -19.863640, -43.879730,05/09/2024,1600 UTC,MINAS GERAIS,BELO HORIZONTE,Mata Atlântica,94.0,0.0,21.7
2024/09/05,1600 UTC,0,"919,8","920,8","919,8","2705,6","33,2","8,5","33,6","30,2","9,5","7,4",27,22,22,20,4,"1,2",, -19.862000, -43.885400,05/09/2024,1600 UTC,MINAS GERAIS,BELO HORIZONTE,Mata Atlântica,90.0,0.0,37.6
2024/09/05,1600 UTC,0,"919,8","920,8","919,8","2705,6","33,2","8,5","33,6","30,2","9,5","7,4",27,22,22,20,4,"1,2",, -19.861510, -43.879990,05/09/2024,1600 UTC,MINAS GERAIS,BELO HORIZONTE,Mata Atlântica,94.0,0.0,49.4
2024/09/05,1600 UTC,0,"919,8","920,8","919,8","2705,6","33,2","8,5","33,6","30,2","9,5","7,4",27,22,22,20,4,"1,2",, -19.857280, -43.880550,05/09/2024,1600 UTC,MINAS GERAIS,BELO HORIZONTE,Mata Atlântica,94.0,0.0,21.7
2024/09/05,1700 UTC,0,"918,8","919,8","918,8","2438,9","33,5","7,7","34,4","32,5","8,8","6,8",22,20,20,315,"5,1","1,3",, -19.862020, -43.881050,05/09/2024,1700 UTC,MINAS GERAIS,BELO HORIZONTE,Mata Atlântica,93.0,0.0,3.5
2024/09/05,1700 UTC,0,"918,8","919,8","918,8","2438,9","33,5","7,7","34,4","32,5","8,8","6,8",22,20,20,315,"5,1","1,3",, -19.858140, -43.877950,05/09/2024,1700 UTC,MINAS GERAIS,BELO HORIZONTE,Mata Atlântica,96.0,0.0,3.5
2024/09/06,0400 UTC,0,"919,2","919,9","919,2",,"23,4","13,8","24,2","23,2","13,9","12,9",55,49,55,102,"4,9","1,8",, -19.925140, -43.981860,06/09/2024,0400 UTC,MINAS GERAIS,BELO HORIZONTE,Mata Atlântica,26.0,0.1,1.0
2024/09/09,1700 UTC,0,"921,3","922,3","921,2","2733,3","30,6","7,3","31,6","28,8",10,"5,9",30,21,23,58,"6,2","2,6",, -19.848290, -43.867520,09/09/2024,1700 UTC,MINAS GERAIS,BELO HORIZONTE,Mata Atlântica,106.0,0.0,2.4
2024/09/10,1600 UTC,0,"920,7","921,7","920,7","3066,2","31,1","6,2","31,1","27,9","7,9","5,1",26,21,21,33,7,"2,2",, -19.825370, -43.901220,10/09/2024,1600 UTC,MINAS GERAIS,BELO HORIZONTE,Cerrado,89.0,0.0,3.4
2024/09/10,1700 UTC,0,"919,6","920,7","919,6","2824,4","30,6","6,2","31,4","28,5","6,8","4,9",24,20,22,21,"5,8","1,8",, -19.876660, -44.002330,10/09/2024,1700 UTC,MINAS GERAIS,BELO HORIZONTE,Mata Atlântica,24.0,0.0,1.4
2024/09/11,0400 UTC,0,"920,8","921,1","920,8",,"20,2","8,3","21,1","20,2","8,8","8,3",47,45,46,103,"4,1","1,6",, -19.826490, -43.872020,11/09/2024,0400 UTC,MINAS GERAIS,BELO HORIZONTE,Cerrado,107.0,0.0,1.6
2024/09/12,1600 UTC,0,"921,4","922,3","921,4","3155,9","29,6","9,1","30,4","28,1","10,8",8,33,26,28,43,"8,4","1,9",, -19.806460, -43.901570,12/09/2024,1600 UTC,MINAS GERAIS,BELO HORIZONTE,Cerrado,97.0,0.0,12.1
2024/09/12,1700 UTC,0,"920,1","921,4","920,1","2956,5","31,7","7,2","31,7","29,5","9,6","5,1",28,20,22,50,"6,5","1,4",, -19.804820, -43.897880,12/09/2024,1700 UTC,MINAS GERAIS,BELO HORIZONTE,Cerrado,100.0,0.0,10.1
2024/09/13,0400 UTC,0,"921,4","921,9","921,4",,"21,1",10,"21,7","21,1","10,1","9,8",49,47,49,104,"4,6","1,7",, -19.841050, -43.870620,13/09/2024,0400 UTC,MINAS GERAIS,BELO HORIZONTE,Mata Atlântica,105.0,0.0,0.9
2024/09/13,0400 UTC,0,"921,4","921,9","921,4",,"21,1",10,"21,7","21,1","10,1","9,8",49,47,49,104,"4,6","1,7",, -19.863310, -43.932330,13/09/2024,0400 UTC,MINAS GERAIS,BELO HORIZONTE,Mata Atlântica,57.0,0.0,0.5
2024/09/13,0400 UTC,0,"921,4","921,9","921,4",,"21,1",10,"21,7","21,1","10,1","9,8",49,47,49,104,"4,6","1,7",, -19.842390, -43.871400,13/09/2024,0400 UTC,MINAS GERAIS,BELO HORIZONTE,Mata Atlântica,105.0,0.0,0.8
2024/09/15,0400 UTC,0,"920,7","921,1","920,7",,"21,7","7,8","22,1","21,6","8,3","7,8",42,41,41,108,5,"1,2",, -19.828840, -43.913930,15/09/2024,0400 UTC,MINAS GERAIS,BELO HORIZONTE,Cerrado,83.0,0.06,1.2
2024/09/15,0400 UTC,0,"920,7","921,1","920,7",,"21,7","7,8","22,1","21,6","8,3","7,8",42,41,41,108,5,"1,2",, -19.822160, -43.908080,15/09/2024,0400 UTC,MINAS GERAIS,BELO HORIZONTE,Cerrado,89.0,0.0,0.7
2024/09/15,0400 UTC,0,"920,7","921,1","920,7",,"21,7","7,8","22,1","21,6","8,3","7,8",42,41,41,108,5,"1,2",, -19.829250, -43.911740,15/09/2024,0400 UTC,MINAS GERAIS,BELO HORIZONTE,Cerrado,84.0,0.05,1.5
2024/09/15,0400 UTC,0,"920,7","921,1","920,7",,"21,7","7,8","22,1","21,6","8,3","7,8",42,41,41,108,5,"1,2",, -19.828670, -43.915740,15/09/2024,0400 UTC,MINAS GERAIS,BELO HORIZONTE,Cerrado,82.0,0.07,1.0
2024/09/15,0400 UTC,0,"920,7","921,1","920,7",,"21,7","7,8","22,1","21,6","8,3","7,8",42,41,41,108,5,"1,2",, -19.822360, -43.910480,15/09/2024,0400 UTC,MINAS GERAIS,BELO HORIZONTE,Cerrado,88.0,0.0,1.0
2024/09/15,1200 UTC,0,"923,1","923,1","922,7","1342,8","25,3","8,1","25,4","22,1","8,4","7,3",42,33,33,86,"5,8","1,6",, -19.822520, -43.906260,15/09/2024,1200 UTC,MINAS GERAIS,BELO HORIZONTE,Cerrado,90.0,0.0,6.1
2024/09/15,1600 UTC,0,"920,5","921,4","920,5","2767,7","30,9","6,7","31,2","29,6","7,1","5,5",23,20,22,85,"7,4","2,8",, -19.822880, -43.909710,15/09/2024,1600 UTC,MINAS GERAIS,BELO HORIZONTE,Cerrado,88.0,0.0,2.1
2024/09/15,1600 UTC,0,"920,5","921,4","920,5","2767,7","30,9","6,7","31,2","29,6","7,1","5,5",23,20,22,85,"7,4","2,8",, -19.822880, -43.908810,15/09/2024,1600 UTC,MINAS GERAIS,BELO HORIZONTE,Cerrado,88.0,0.0,9.0
2024/09/15,1700 UTC,0,"919,3","920,5","919,3","2537,2","30,8","6,9","31,8","29,8","7,3","6,1",23,21,22,76,9,"3,7",, -19.823920, -43.907170,15/09/2024,1700 UTC,MINAS GERAIS,BELO HORIZONTE,Cerrado,89.0,0.0,9.8
2024/09/15,1700 UTC,0,"919,3","920,5","919,3","2537,2","30,8","6,9","31,8","29,8","7,3","6,1",23,21,22,76,9,"3,7",, -19.807970, -43.901260,15/09/2024,1700 UTC,MINAS GERAIS,BELO HORIZONTE,Cerrado,98.0,0.0,2.3
2024/09/16,0400 UTC,0,"920,5","921,1","920,5",,"21,4","8,8","21,7",21,"9,2","8,8",46,44,45,115,"3,5","1,6",, -19.911050, -43.941640,16/09/2024,0400 UTC,MINAS GERAIS,BELO HORIZONTE,Mata Atlântica,48.0,0.0,1.0
2024/09/16,1600 UTC,0,"919,9","920,7","919,9",2971,"30,5","7,9",32,"28,9","10,6","7,3",31,23,24,354,"6,3","1,9",, -19.990570, -43.984620,16/09/2024,1600 UTC,MINAS GERAIS,BELO HORIZONTE,Mata Atlântica,43.0,0.1,3.0
2024/09/19,1600 UTC,0,"920,1","921,1","920,1","2951,2","29,5",12,30,"26,7","12,8","11,2",39,33,34,103,"5,8","1,5",, -19.931290, -43.941600,19/09/2024,1600 UTC,MINAS GERAIS,BELO HORIZONTE,Mata Atlântica,49.0,0.0,1.9
2024/09/20,1600 UTC,0,"919,3","920,1","919,3","3027,9",30,"12,1","30,4","27,8","13,1","11,8",40,33,33,92,"6,2",2,, -19.870520, -43.998700,20/09/2024,1600 UTC,MINAS GERAIS,BELO HORIZONTE,Mata Atlântica,35.0,0.0,9.2
2024/09/22,1600 UTC,0,"918,8","919,7","918,8",2970,"29,4","12,1","30,6","28,1","14,1","12,1",40,34,34,55,"8,7","3,1",, -19.820170, -43.874660,22/09/2024,1600 UTC,MINAS GERAIS,BELO HORIZONTE,Cerrado,107.0,2.65,6.8
2024/09/22,1600 UTC,0,"918,8","919,7","918,8",2970,"29,4","12,1","30,6","28,1","14,1","12,1",40,34,34,55,"8,7","3,1",, -19.819950, -43.875250,22/09/2024,1600 UTC,MINAS GERAIS,BELO HORIZONTE,Cerrado,107.0,2.65,5.7
2024/09/26,1700 UTC,0,"917,6","918,6","917,6","2911,3","30,6","9,5","31,8","28,9",11,"8,5",31,24,27,33,"6,5","1,9",, -19.812290, -43.895990,26/09/2024,1700 UTC,MINAS GERAIS,BELO HORIZONTE,Cerrado,3.0,0.0,3.0
2024/09/30,0400 UTC,0,"920,9","921,6","920,9",,"20,4","14,3","21,2","20,3","14,4","14,2",69,65,68,106,"6,1","1,9",, -19.974250, -43.952870,30/09/2024,0400 UTC,MINAS GERAIS,BELO HORIZONTE,Mata Atlântica,0.0,0.03,2.6
2024/09/30,0400 UTC,0,"920,9","921,6","920,9",,"20,4","14,3","21,2","20,3","14,4","14,2",69,65,68,106,"6,1","1,9",, -19.973470, -43.956950,30/09/2024,0400 UTC,MINAS GERAIS,BELO HORIZONTE,Mata Atlântica,0.0,0.07,2.6
2024/09/30,0400 UTC,0,"920,9","921,6","920,9",,"20,4","14,3","21,2","20,3","14,4","14,2",69,65,68,106,"6,1","1,9",, -19.969360, -43.956300,30/09/2024,0400 UTC,MINAS GERAIS,BELO HORIZONTE,Mata Atlântica,0.0,0.06,0.6
2024/09/30,0400 UTC,0,"920,9","921,6","920,9",,"20,4","14,3","21,2","20,3","14,4","14,2",69,65,68,106,"6,1","1,9",, -19.963460, -43.942870,30/09/2024,0400 UTC,MINAS GERAIS,BELO HORIZONTE,Mata Atlântica,0.0,0.0,1.5
2024/09/30,0500 UTC,0,"920,5",921,"920,5",,"20,1","14,3","20,5","19,9","14,4","14,2",70,68,69,94,"6,8","2,6",, -19.971530, -43.951120,30/09/2024,0500 UTC,MINAS GERAIS,BELO HORIZONTE,Mata Atlântica,0.0,0.01,1.7
2024/09/30,0500 UTC,0,"920,5",921,"920,5",,"20,1","14,3","20,5","19,9","14,4","14,2",70,68,69,94,"6,8","2,6",, -19.971020, -43.955540,30/09/2024,0500 UTC,MINAS GERAIS,BELO HORIZONTE,Mata Atlântica,0.0,0.06,3.1
2024/09/30,0500 UTC,0,"920,5",921,"920,5",,"20,1","14,3","20,5","19,9","14,4","14,2",70,68,69,94,"6,8","2,6",, -19.970510, -43.959880,30/09/2024,0500 UTC,MINAS GERAIS,BELO HORIZONTE,Mata Atlântica,0.0,0.1,3.1
2024/10/01,0100 UTC,0,"921,7","921,8","921,5",,"22,3","12,2","23,2","22,3","12,5","12,2",53,51,53,101,"6,5","2,5",, -19.963400, -43.935101,01/10/2024,0100 UTC,MINAS GERAIS,BELO HORIZONTE,Mata Atlântica,2.0,0.0,
2024/10/01,0100 UTC,0,"921,7","921,8","921,5",,"22,3","12,2","23,2","22,3","12,5","12,2",53,51,53,101,"6,5","2,5",, -19.976630, -43.964200,01/10/2024,0100 UTC,MINAS GERAIS,BELO HORIZONTE,Mata Atlântica,1.0,0.0,5.4
2024/10/01,0100 UTC,0,"921,7","921,8","921,5",,"22,3","12,2","23,2","22,3","12,5","12,2",53,51,53,101,"6,5","2,5",, -19.975330, -43.954680,01/10/2024,0100 UTC,MINAS GERAIS,BELO HORIZONTE,Mata Atlântica,1.0,0.0,9.0
2024/10/01,0400 UTC,0,"920,3",921,"920,3",,21,"12,5","21,4","20,7","12,5","12,3",59,57,58,97,"6,2","2,3",, -19.970830, -43.956780,01/10/2024,0400 UTC,MINAS GERAIS,BELO HORIZONTE,Mata Atlântica,1.0,0.0,0.6
2024/10/01,0400 UTC,0,"920,3",921,"920,3",,21,"12,5","21,4","20,7","12,5","12,3",59,57,58,97,"6,2","2,3",, -20.004650, -43.966790,01/10/2024,0400 UTC,MINAS GERAIS,BELO HORIZONTE,Mata Atlântica,1.0,0.0,1.6
2024/10/01,0400 UTC,0,"920,3",921,"920,3",,21,"12,5","21,4","20,7","12,5","12,3",59,57,58,97,"6,2","2,3",, -20.001210, -43.966180,01/10/2024,0400 UTC,MINAS GERAIS,BELO HORIZONTE,Mata Atlântica,1.0,0.0,2.1
2024/10/01,0400 UTC,0,"920,3",921,"920,3",,21,"12,5","21,4","20,7","12,5","12,3",59,57,58,97,"6,2","2,3",, -20.001180, -43.965740,01/10/2024,0400 UTC,MINAS GERAIS,BELO HORIZONTE,Mata Atlântica,1.0,0.0,2.7
2024/10/02,0400 UTC,0,"917,6","918,3","917,6",,22,"11,3","22,2","21,7","11,7","11,3",52,51,51,108,"4,5","1,9",, -19.852560, -43.895710,02/10/2024,0400 UTC,MINAS GERAIS,BELO HORIZONTE,Mata Atlântica,3.0,0.0,2.0
2024/10/03,1600 UTC,0,"916,7","917,7","916,7","2963,6","35,3","5,9","35,6","33,1","7,2","4,8",19,16,16,294,"4,5",2,, -19.840090, -43.870840,03/10/2024,1600 UTC,MINAS GERAIS,BELO HORIZONTE,Mata Atlântica,4.0,0.0,2.5
2024/10/03,1700 UTC,0,"915,7","916,7","915,6","2770,7","35,2","6,3","36,2","33,7","6,7","4,8",18,15,17,158,"4,9","1,1",, -19.840380, -43.870760,03/10/2024,1700 UTC,MINAS GERAIS,BELO HORIZONTE,Mata Atlântica,4.0,0.0,7.1
2024/10/06,1600 UTC,0,"917,2","918,5","917,2",3019,31,"11,7","32,2","28,4","12,7","10,6",36,29,31,4,"4,4","1,6",, -19.875270, -43.955080,06/10/2024,1600 UTC,MINAS GERAIS,BELO HORIZONTE,Mata Atlântica,6.0,0.0,7.0
2024/10/06,1600 UTC,0,"917,2","918,5","917,2",3019,31,"11,7","32,2","28,4","12,7","10,6",36,29,31,4,"4,4","1,6",, -19.877820, -43.950490,06/10/2024,1600 UTC,MINAS GERAIS,BELO HORIZONTE,Mata Atlântica,6.0,0.0,4.4
2024/10/06,1600 UTC,0,"917,2","918,5","917,2",3019,31,"11,7","32,2","28,4","12,7","10,6",36,29,31,4,"4,4","1,6",, -19.877990, -43.953400,06/10/2024,1600 UTC,MINAS GERAIS,BELO HORIZONTE,Mata Atlântica,6.0,0.0,5.4
2024/10/08,0400 UTC,0,"917,2","917,7","917,2",,"20,9","13,6","21,5","20,8","13,7","13,5",63,61,63,98,"8,6","2,9",, -19.929760, -44.009190,08/10/2024,0400 UTC,MINAS GERAIS,BELO HORIZONTE,Mata Atlântica,7.0,0.2,1.6
2024/11/24,1600 UTC,0,"919,4",920,"919,4","2956,9","24,7","13,6","25,1","22,9","15,1","12,3",57,49,50,71,7,"2,9",, -19.929010, -43.959360,24/11/2024,1600 UTC,MINAS GERAIS,BELO HORIZONTE,Mata Atlântica,1.0,0.14,1.8
2024/11/24,1600 UTC,0,"919,4",920,"919,4","2956,9","24,7","13,6","25,1","22,9","15,1","12,3",57,49,50,71,7,"2,9",, -19.930420, -43.960010,24/11/2024,1600 UTC,MINAS GERAIS,BELO HORIZONTE,Mata Atlântica,2.0,0.16,2.7
